{
  "test/integration/opaTests.qunit.js": 1698047066051,
  "xs-app.json": 1698122578904,
  "manifest.json": 1698141528736,
  "test/integration/pages/RisksObjectPage.js": 1698047066079,
  "test/integration/pages/RisksList.js": 1698047066079,
  "i18n/i18n.properties": 1698141528724,
  "test/integration/FirstJourney.js": 1698047066103,
  "test/testsuite.qunit.js": 1698047066043,
  "Component.js": 1698047065971,
  "manifest-bundle.zip": 1698203234988,
  "Component-preload.js": 1698203235257,
  "test/integration/opaTests.qunit-dbg.js": 1698047066051,
  "test/integration/pages/RisksList-dbg.js": 1698047066079,
  "test/integration/pages/RisksObjectPage-dbg.js": 1698047066079,
  "test/integration/FirstJourney-dbg.js": 1698047066103,
  "test/testsuite.qunit-dbg.js": 1698047066043,
  "Component-dbg.js": 1698047065971,
  "test/integration/opaTests.qunit.html": 1698047066051,
  "test/testsuite.qunit.html": 1698047066039,
  "test/flpSandbox.html": 1698047066039,
  "localService/metadata.xml": 1698047066019,
  "index.html": 1698047065971
}